---,LightTypeId,LightPosition_X, LightPosition_Y, LightPosition_Z, LightRotation_X , LightRotation_Y, LightRotation_Z
0,0,0.000000,136.000000,415.202728,-89.999992,181.426483,178.573547
1,1,0.000000,136.000000,415.202728,-89.999992,181.426483,178.573547